filename;code;name;baz_dot;rev_dot;coord_x;coord_y
dod6;04100000000;Обласний бюджет Дніпропетровської області;;392 048.9;0.294772648;0.039803711
dod6;04201100000;м. Днiпропетровськ;;359 721.4;0.083506584;0.828347559
dod6;08201100000;м. Запоріжжя;;185 199.4;0.667088973;0.037065472
dod6;20201100000;м. Харків;;181 402.2;0.888147068;0.223863927
dod6;13201100000;м. Львів;;177 373.5;0.319267285;0.681576411
dod6;04205100000;м. Кривий Рiг;;154 738.0;0.089783405;0.705173766
dod6;15201100000;м. Одеса;;132 213.7;0.478796125;0.577056956
dod6;10313200000;Києво-Святошинський р-н;;86 422.0;0.558301238;0.375034094
dod6;16201100000;м. Полтава;;83 050.4;0.474593314;0.585913818
dod6;05220100000;м. Маріуполь;;77 047.8;0.518617894;0.677206147
dod6;05100000000;Обласний бюджет Донецької області;;65 816.0;0.835475397;0.145319316
dod6;08203100000;м. Енергодар;;58 959.7;0.958298174;0.863565372
dod6;18201100000;м. Суми;;56 401.3;0.107583727;0.319698609
dod6;10100000000;Обласний бюджет Київської області;;45 023.7;0.685956613;0.820534191
dod6;16203100000;м. Кременчук;;41 577.1;0.81367438;0.729151684
dod6;08100000000;Обласний бюджет Запорізької області;;40 872.9;0.287305388;0.575945137
dod6;02201100000;м. Вінниця;;40 481.3;0.317880923;0.285152574
dod6;14201100000;м. Миколаїв;;37 806.6;0.121785981;0.448935512
dod6;10304200000;Бориспiльський  р-н;;35 633.1;0.918280732;0.851547053
dod6;17203100000;м. Кузнецовськ;;35 431.4;0.375293362;0.026232549
dod6;06201100000;м. Житомир;;34 518.2;0.273192317;0.721577668
dod6;14205100000;м. Южноукраїнськ;;29 406.9;0.318488064;0.554851618
dod6;15207100000;м. Южне;;29 395.5;0.71879952;0.651318552
dod6;23201100000;м. Черкаси;;29 001.6;0.704040512;0.275906469
dod6;07201100000;м. Ужгород;;28 356.5;0.835962888;0.153019389
dod6;16202100000;м. Комсомольськ;;27 964.0;0.778821901;0.901578253
dod6;05218100000;м. Красноармійськ;;26 342.7;0.056764499;0.43258248
dod6;10203100000;м. Бориспiль;;26 312.4;0.487785157;0.725901953
dod6;10209100000;м. Славутич;;25 954.6;0.391722543;0.28090159
dod6;17201100000;м. Рiвне;;23 234.6;0.959935931;0.74232383
dod6;15204100000;м. Іллічівськ;;22 764.2;0.49580509;0.463899188
dod6;09201100000;м. Івано-Франківськ;;20 907.5;0.752800041;0.03233525
dod6;11201100000;м. Кіровоград;;20 600.7;0.165860503;0.902946568
dod6;22201100000;м. Хмельницький;;20 074.3;0.357222951;0.283404305
dod6;04207100000;м. Нiкополь;;19 716.0;0.114657337;0.716378536
dod6;16100000000;Обласний бюджет Полтавської області;;19 351.8;0.998599393;0.618656007
dod6;10308200000;Вишгородський р-н;;18 203.2;0.721984747;0.767975147
dod6;22203100000;м. Нетiшин;;17 944.4;0.866813955;0.108664609
dod6;19201100000;м. Тернопіль;;16 221.4;0.766986031;0.95394143
dod6;10212100000;м. Обухів;;14 529.5;0.516221625;0.232625042
dod6;11202100000;м. Знам'янка;;13 717.0;0.516042051;0.936064385
dod6;03201100000;м. Луцьк;;12 901.1;0.859020145;0.250589027
dod6;10206100000;м. Iрпiнь;;12 616.2;0.370379616;0.496146214
dod6;02203100000;м. Козятин;;12 584.2;0.683306991;0.098904135
dod6;04503000000;отг с. Вербки ;;12 404.5;0.084940612;0.472469148
dod6;20100000000;Обласний бюджет Харківської області;;12 237.0;0.60625423;0.147989753
dod6;25203100000;м. Прилуки;;10 863.6;0.992615675;0.282183311
dod6;04515000000;отг смт Ювілейне;;10 542.5;0.991099353;0.865748702
dod6;05209100000;м. Добропілля;;10 250.1;0.858696419;0.424051073
dod6;02202100000;м. Жмеринка;;9 835.8;0.842556322;0.863798561
dod6;05204100000;м. Вугледар;;9 779.1;0.933095304;0.617712023
dod6;04502000000;отг с. Богданівка;;9 477.0;0.944341223;0.923760372
dod6;20317200000;Красноградський р-н;;9 424.7;0.646053748;0.820869914
dod6;07203100000;м. Мукачеве;;8 984.7;0.930467315;0.19231776
dod6;02204100000;м. Ладижин;;8 701.5;0.197506842;0.566262475
dod6;15313200000;Комінтернівський р-н;;8 644.0;0.68690343;0.095808855
dod6;05216100000;м. Краматорськ;;8 521.4;0.05767067;0.023338501
dod6;10315200000;Миронiвський р-н;;8 433.0;0.969167601;0.295831191
dod6;05221100000;м. Новогродівка;;8 294.2;0.24922032;0.31410744
dod6;04202100000;м. Вiльногiрськ;;8 161.7;0.967137629;0.523473367
dod6;16502000000;отг м. Глобине;;8 089.9;0.678012683;0.788035013
dod6;10204100000;м. Бровари;;6 715.3;0.850754414;0.125435514
dod6;09206100000;м. Бурштин;;6 145.5;0.816003723;0.157622298
dod6;10316200000;Обухiвський р-н;;6 106.1;0.836472127;0.798439597
dod6;16313200000;Машівський р-н;;6 091.7;0.005321442;0.633965508
dod6;20301200000;Балаклійський р-н;;5 252.9;0.960859188;0.527027631
dod6;04213100000;м. Тернівка;;5 151.7;0.850122744;0.410239469
dod6;23307200000;Канiвський р-н;;5 130.8;0.708239093;0.872909025
dod6;10210100000;м. Фастiв;;5 099.5;0.76096493;0.778103238
dod6;04310200000;Новомосковський р-н;;4 656.8;0.331592493;0.64525972
dod6;04211100000;м. Першотравенськ;;4 655.0;0.779025968;0.536866072
dod6;19501000000;отг с. Байківці;;4 584.8;0.238547174;0.54478619
dod6;10311200000;Iванкiвський р-н;;4 237.8;0.791869735;0.270568945
dod6;04203100000;м. Днiпродзержинськ;;3 946.5;0.569090044;0.938815582
dod6;25304200000;Варвинський р-н;;3 854.8;0.788714091;0.767402331
dod6;04311200000;Павлоградський р-н;;3 672.2;0.651716344;0.676287911
dod6;11305200000;Добровеличківський р-н;;3 479.9;0.437437577;0.518184502
dod6;11308200000;Кіровоградський р-н;;3 399.2;0.294235613;0.75736406
dod6;05203100000;м. Артемівськ;;3 194.2;0.527244511;0.345899531
dod6;22506000000;отг с. Гуменці;;2 783.6;0.200482987;0.59727314
dod6;06504000000;отг смт Іршанськ ;;2 730.7;0.529703699;0.975569157
dod6;10306200000;Броварський р-н;;2 524.2;0.884317247;0.499258367
dod6;14311200000;Жовтневий р-н;;2 522.4;0.625640976;0.243874124
dod6;03308200000;Луцький р-н;;2 427.5;0.945227503;0.25718149
dod6;16512000000;отг смт Шишаки;;2 093.9;0.017182249;0.176988563
dod6;08506000000;отг с. Чапаєвка ;;1 948.4;0.453910997;0.952927455
dod6;04506000000;отг м. Зеленодольськ;;1 928.2;0.864518356;0.126615528
dod6;18205100000;м. Охтирка;;1 903.1;0.812329803;0.046678034
dod6;24202100000;м. Новодністровськ;;1 796.6;0.189733313;0.595426147
dod6;13318200000;Стрийський р-н;;1 792.0;0.244736184;0.00509533
dod6;25502000000;отг смт Десна;;1 717.4;0.777307026;0.167296158
dod6;06204100000;м. Новоград-Волинський;;1 705.2;0.850297538;0.14905294
dod6;04209100000;м. Орджонiкiдзе;;1 634.4;0.821933038;0.329107352
dod6;16325200000;Шишацький р-н;;1 618.2;0.017787845;0.113557866
dod6;08314200000;Пологівський р-н;;1 596.7;0.779594986;0.776470982
dod6;13204100000;м. Моршин;;1 552.3;0.960783582;0.950229876
dod6;09305200000;Долинський р-н (Івано-Франківська обл.);;1 543.2;0.806427384;0.752008219
dod6;05202100000;м. Авдіївка;;1 485.5;0.689841447;0.104844289
dod6;10314200000;Макарiвський р-н;;1 448.0;0.297577051;0.535937862
dod6;07205100000;м. Чоп;;1 347.5;0.039170538;0.473224895
dod6;16305200000;Диканський р-н;;1 321.9;0.076014375;0.678641244
dod6;10205100000;м. Василькiв;;1 249.5;0.639747306;0.424674637
dod6;16304200000;Гребінківський р-н;;1 224.7;0.304559391;0.495235901
dod6;04313200000;Петропавлiвський р-н;;1 103.0;0.495278201;0.294106795
dod6;11307200000;Знам'янський р-н;;1 020.9;0.575510072;0.983336669
dod6;19503000000;отг с. Васильківці;;1 008.5;0.030898108;0.181494547
dod6;16315200000;Новосанжарський р-н;;977.5;0.359468102;0.717025498
dod6;14203100000;м. Очаків;;960.2;0.66826828;0.24390617
dod6;16501000000;отг с. Білоцерківка ;;951.5;0.544074177;0.882930624
dod6;23502000000;отг смт Єрки;;917.1;0.609123527;0.694625689
dod6;05501000000;отг м. Красний Лиман ;;829.0;0.917002351;0.789888551
dod6;05502000000;отг с. Октябрське ;;822.4;0.280197377;0.977148655
dod6;19505000000;отг смт Гусятин;;736.8;0.022020174;0.450258197
dod6;05307200000;Костянтинівський р-н;;648.4;0.10790429;0.837965184
dod6;15502000000;отг м. Біляївка ;;636.0;0.343856398;0.65316376
dod6;10310200000;Згурiвський р-н;;585.7;0.167173564;0.775965458
dod6;05308200000;Кpасноаpмійський р-н;;411.4;0.986687445;0.932841399
dod6;20315200000;Кегичівський р-н;;411.3;0.86177423;0.525994367
dod6;13511000000;отг м. Новий Калинів;;258.8;0.544174137;0.041187587
dod6;10309200000;Володарський р-н (Київська обл.);;238.0;0.129299305;0.833616962
dod6;08505000000;отг с. Смирнове;;144.7;0.481738873;0.706303834
dod6;14501000000;отг с. Куцуруб;;138.9;0.775098543;0.892256186
dod6;22519000000;отг с. Розсоша;;127.5;0.80611302;0.990798068
dod6;05208100000;м. Димитров;;79.8;0.127702327;0.050764594
dod6;23204100000;м. Канiв;;57.5;0.962360016;0.048088993
dod6;10317200000;Переяслав-Хмельницький р-н;;56.2;0.540301076;0.28205641
dod6;04509000000;отг с. Могилів;;2.0;0.774772101;0.422190036
dod6;10202100000;м. Бiла Церква;5 271.0;;0.509811949;0.674360268
dod6;06202100000;м. Бердичів;2 983.5;;0.351595312;0.523254131
dod6;08202100000;м. Бердянськ;10 672.2;;0.670141689;0.667019603
dod6;07202100000;м. Берегове;;;0.789075249;0.116134465
dod6;19203100000;м. Бережани;2 041.0;;0.178102659;0.071834781
dod6;10201100000;м. Березань;;;0.123920519;0.027717527
dod6;15202100000;м. Білгород-Дністровський;;;0.662740405;0.918338017
dod6;09202100000;м. Болехів;7 076.8;;0.584240324;0.196813841
dod6;13202100000;м. Борислав;1 242.8;;0.731660623;0.077132701
dod6;10211100000;м. Буча;2 134.8;;0.292127573;0.124650328
dod6;23202100000;м. Ватутiне;5 823.2;;0.472517074;0.032661685
dod6;14202100000;м. Вознесенськ;1 539.5;;0.887105003;0.713074463
dod6;03202100000;м. Володимир-Волинський;;;0.427679252;0.80153456
dod6;16206100000;м. Гадяч;;;0.393256732;0.296172949
dod6;18202100000;м. Глухів;5 760.1;;0.751951772;0.298611096
dod6;21204100000;м. Гола Пристань;;;0.991604141;0.380352591
dod6;05207100000;м. Дзержинськ;6 982.2;;0.656406185;0.185151912
dod6;13203100000;м. Дрогобич;15 908.5;;0.563728109;0.085322543
dod6;05211100000;м. Дружківка;9 156.1;;0.231876577;0.269074058
dod6;17202100000;м. Дубно;4 757.8;;0.929527584;0.320614061
dod6;04204100000;м. Жовтi Води;;;0.472026341;0.256672431
dod6;23203100000;м. Золотоноша;315.3;;0.302542485;0.893767648
dod6;15203100000;м. Ізмаїл;;;0.205922835;0.980024474
dod6;20202100000;м. Ізюм;13 753.1;;0.764655658;0.726505982
dod6;09203100000;м. Калуш;;;0.283976155;0.141560315
dod6;22202100000;м. Кам'янець-Подiльський;12 717.2;;0.527640991;0.71084636
dod6;21202100000;м. Каховка;;;0.319240051;0.118780545
dod6;03203100000;м. Ковель;4 512.9;;0.166474376;0.29023832
dod6;09204100000;м. Коломия;6 049.9;;0.982751117;0.624033927
dod6;18203100000;м. Конотоп;;;0.391450087;0.392874641
dod6;06203100000;м. Коростень;;;0.089930765;0.095197141
dod6;05215100000;м. Костянтинівка;9 336.5;;0.285553764;0.856979027
dod6;15205100000;м. Котовськ;;;0.380214189;0.732462969
dod6;19204100000;м. Кременець;2 814.6;;0.675790193;0.498542839
dod6;20203100000;м. Куп'янськ;;;0.396264147;0.984698453
dod6;18204100000;м. Лебедин;4 341.0;;0.87029259;0.619692163
dod6;12208100000;м. Лисичанськ;8 652.2;;0.562863911;0.274781205
dod6;20204100000;м. Лозова;;;0.522331379;0.76174813
dod6;16204100000;м. Лубни;3 516.5;;0.204028565;0.07684326
dod6;20205100000;м. Люботин;2 919.3;;0.153136127;0.82386813
dod6;06205100000;м. Малин;;;0.203101285;0.120165127
dod6;04206100000;м. Марганець;4 713.7;;0.524765722;0.535257547
dod6;08204100000;м. Мелітополь;15 519.8;;0.820581647;0.130127629
dod6;16205100000;м. Миргород;;;0.960409933;0.152288418
dod6;02205100000;м. Могилів-Подільський;4 239.3;;0.863826321;0.25124654
dod6;25202100000;м. Ніжин;5 185.9;;0.911028116;0.870644227
dod6;21203100000;м. Нова Каховка;1 026.3;;0.32542835;0.108937688
dod6;25204100000;м. Новгород-Сіверський;521.6;;0.035440246;0.672159176
dod6;13205100000;м. Новий Розділ;6 454.8;;0.736955531;0.464631436
dod6;03204100000;м. Нововолинськ;7 038.0;;0.596468835;0.07091802
dod6;04208100000;м. Новомосковськ;9 818.6;;0.200322702;0.160165034
dod6;11203100000;м. Олександрія;22 629.1;;0.444128743;0.622353774
dod6;17204100000;м. Острог;1 497.1;;0.911701942;0.277771053
dod6;04210100000;м. Павлоград;;;0.174506656;0.800028573
dod6;14204100000;м. Первомайськ (Миколаївська обл.);16 803.9;;0.653539935;0.715977403
dod6;20206100000;м. Первомайський;8 212.1;;0.188867568;0.169072676
dod6;10207100000;м. Переяслав-Хмельницький;;;0.066783526;0.002023845
dod6;10208100000;м. Ржищів;895.7;;0.421693552;0.205607369
dod6;18206100000;м. Ромни;;;0.867629131;0.165236445
dod6;12211100000;м. Рубіжне;643.1;;0.699957026;0.49142895
dod6;13206100000;м. Самбір;;;0.113055103;0.453546462
dod6;11204100000;м. Світловодськ;9 033.9;;0.21308662;0.104001572
dod6;05222100000;м. Селидове;3 541.4;;0.801432521;0.100242872
dod6;12213100000;м. Сєверодонецьк;;;0.626941284;0.155830947
dod6;04212100000;м. Синельникове;;;0.843089296;0.838111197
dod6;22204100000;м. Славута;261.0;;0.46544997;0.539173497
dod6;05223100000;м. Слов'янськ;10 176.5;;0.144910101;0.695744719
dod6;23205100000;м. Смiла;;;0.208640788;0.669754246
dod6;22205100000;м. Старокостянтинів;;;0.657194956;0.743901435
dod6;13207100000;м. Стрий;;;0.008693148;0.185143454
dod6;15206100000;м. Теплодар;3 645.9;;0.304516432;0.468975477
dod6;08205100000;м. Токмак;7 516.1;;0.254099887;0.698614001
dod6;13208100000;м. Трускавець;;;0.851805487;0.177533941
dod6;23206100000;м. Умань;9 407.8;;0.664163126;0.091108358
dod6;21201100000;м. Херсон;;;0.375045758;0.562354657
dod6;02206100000;м. Хмільник;3 217.3;;0.76487356;0.860192688
dod6;07204100000;м. Хуст;2 085.1;;0.764407401;0.646804126
dod6;13209100000;м. Червоноград;5 016.4;;0.555807668;0.646895276
dod6;24201100000;м. Чернівці;;;0.287795202;0.228120618
dod6;25201100000;м. Чернігів;;;0.380440999;0.484818253
dod6;19202100000;м. Чортків;4 151.5;;0.655548038;0.818920822
dod6;20207100000;м. Чугуїв;;;0.727446051;0.653824775
dod6;22206100000;м. Шепетiвка;;;0.795501939;0.213218786
dod6;18207100000;м. Шостка;11 750.3;;0.204499997;0.240190518
dod6;09205100000;м. Яремче;2 348.7;;0.213181261;0.190799257
dod6;15301200000;Ананьївський р-н;6 048.1;;0.348012127;0.002140555
dod6;06301200000;Андрушівський р-н;4 344.7;;0.615453849;0.3890851
dod6;14301200000;Арбузинський р-н;;;0.423826895;0.476319712
dod6;05302200000;Аpтемівський р-н;299.8;;0.568766049;0.057264836
dod6;15302200000;Арцизький р-н;10 786.2;;0.740870239;0.54001025
dod6;15303200000;Балтський р-н;2 811.2;;0.54865288;0.535303089
dod6;06302200000;Баранівський р-н;11 948.5;;0.239684717;0.271946556
dod6;20302200000;Барвінківський р-н;2 510.0;;0.481475818;0.510596435
dod6;10301200000;Баришiвський р-н;1 787.8;;0.618014314;0.412703889
dod6;02301200000;Барський р-н;11 507.6;;0.842747199;0.793705856
dod6;25301200000;Бахмацький р-н;465.2;;0.810669951;0.710350314
dod6;14302200000;Баштанський р-н;5 630.4;;0.656996784;0.917361483
dod6;06303200000;Бердичівський р-н;6 286.3;;0.164643385;0.671827331
dod6;08301200000;Бердянський р-н;1 924.7;;0.195898501;0.685411465
dod6;07301200000;Берегівський р-н;21 021.7;;0.872849503;0.694315048
dod6;19301200000;Бережанський р-н;9 273.5;;0.719279733;0.581155519
dod6;14303200000;Березанський р-н;2 906.4;;0.396866262;0.627252273
dod6;15304200000;Березівський р-н;4 163.4;;0.365356976;0.878506152
dod6;17301200000;Березнiвський р-н;22 050.6;;0.12231998;0.287577759
dod6;14304200000;Березнегуватський р-н;4 309.6;;0.462970353;0.189340906
dod6;21301200000;Бериславський р-н;13 846.3;;0.743488099;0.517824288
dod6;02302200000;Бершадський р-н;13 494.2;;0.696769533;0.781563344
dod6;15305200000;Білгород-Дністровський р-н;13 041.2;;0.788434768;0.840836029
dod6;12302200000;Біловодський р-н;2 330.9;;0.783888653;0.099116028
dod6;22301200000;Бiлогiрський  р-н;5 741.4;;0.26747566;0.865449123
dod6;21302200000;Білозерський р-н;15 437.4;;0.107422577;0.944182469
dod6;12303200000;Білокуракинський р-н;1 169.9;;0.951639252;0.221131323
dod6;18301200000;Бiлопiльський р-н;9 284.6;;0.811923849;0.546452427
dod6;10302200000;Бiлоцеркiвський р-н;;;0.39545583;0.617022418
dod6;15306200000;Біляївський р-н;18 057.8;;0.447309224;0.042269695
dod6;20303200000;Близнюківський р-н;;;0.808180427;0.369146222
dod6;11301200000;Бобринецький р-н;2 061.5;;0.437539868;0.820524578
dod6;25302200000;Бобровицький р-н;;;0.221784995;0.631675289
dod6;20304200000;Богодухівський р-н;5 554.3;;0.907013361;0.591191226
dod6;09301200000;Богородчанський р-н;17 263.8;;0.485986282;0.904171276
dod6;10303200000;Богуславський р-н;5 329.6;;0.516781426;0.345133895
dod6;15307200000;Болградський р-н;22 545.7;;0.519037346;0.011818295
dod6;25303200000;Борзнянський р-н;5 570.4;;0.323657359;0.322756429
dod6;20305200000;Борівський р-н;1 818.0;;0.761962487;0.467139096
dod6;10305200000;Бородянський р-н;12 743.2;;0.70902528;0.926424519
dod6;19302200000;Борщівський р-н;12 174.6;;0.651824835;0.679188359
dod6;14305200000;Братський р-н;2 087.5;;0.801351416;0.814641339
dod6;13301200000;Бродівський  р-н;5 953.0;;0.008107869;0.811028552
dod6;06304200000;Брусилівський р-н;3 284.2;;0.355476245;0.073957737
dod6;18302200000;Буринський р-н;3 486.6;;0.51190706;0.849006842
dod6;13302200000;Буський р-н;12 734.8;;0.401899243;0.226646377
dod6;19303200000;Бучацький р-н;18 540.2;;0.567702628;0.052213034
dod6;20306200000;Валківський р-н;3 683.1;;0.239314811;0.496103689
dod6;08302200000;Василівський р-н;;;0.94057145;0.653078464
dod6;04302200000;Василькiвский р-н (Дніпропетровська обл.);7 214.6;;0.424518903;0.110042306
dod6;10307200000;Василькiвський р-н (Київська обл.);;;0.677428957;0.357405253
dod6;16301200000;Великобагачанський р-н;1 273.6;;0.830029707;0.648136122
dod6;07302200000;Великоберезнянський р-н;7 574.5;;0.318053579;0.99482065
dod6;08303200000;Великобілозерський р-н;527.4;;0.464810855;0.732636615
dod6;20307200000;Великобурлуцький р-н;;;0.549433198;0.66003527
dod6;21303200000;Великолепетиський р-н;2 575.8;;0.053952875;0.272604827
dod6;15308200000;Великомихайлівський р-н;6 346.9;;0.282441104;0.204254031
dod6;05303200000;Великоновосілківський р-н;8 233.7;;0.996672427;0.99665743
dod6;21304200000;Великоолександрівський р-н;5 194.5;;0.763879711;0.63700317
dod6;18303200000;Великописарівський р-н;3 356.6;;0.34936234;0.580131666
dod6;04303200000;Верхньоднiпровський р-н;3 358.6;;0.920656449;0.751805557
dod6;21305200000;Верхньорогачицький р-н;3 871.0;;0.196157675;0.669708683
dod6;09302200000;Верховинський р-н;9 609.7;;0.252501377;0.422355494
dod6;14306200000;Веселинівський р-н;3 935.8;;0.818296683;0.031577786
dod6;08304200000;Веселівський р-н;1 956.9;;0.84299365;0.283282056
dod6;24301200000;Вижницький р-н;20 144.0;;0.387233227;0.741892593
dod6;07303200000;Виноградівський р-н;32 503.8;;0.830244622;0.54242544
dod6;21306200000;Високопільський р-н;2 757.5;;0.596038137;0.982131316
dod6;08305200000;Вільнянський р-н;6 120.2;;0.576492463;0.502395182
dod6;11302200000;Вільшанський р-н;1 218.4;;0.856008606;0.368515557
dod6;02303200000;Вінницький р-н;13 649.9;;0.688423543;0.699445539
dod6;22302200000;Вiньковецький  р-н;7 429.6;;0.707277413;0.333187761
dod6;20308200000;Вовчанський р-н;4 743.5;;0.98228613;0.761309132
dod6;14307200000;Вознесенський р-н;8 771.1;;0.49063863;0.052312658
dod6;05304200000;Волноваський р-н;2 443.7;;0.973657849;0.058482868
dod6;07304200000;Воловецький р-н;6 636.6;;0.446953474;0.303582539
dod6;05305200000;Володаpський р-н (Донецька обл.);3 902.1;;0.458741676;0.339601319
dod6;06305200000;Володарсько-Волинський р-н;4 958.6;;0.922352692;0.493495648
dod6;03301200000;Володимир-Волинський р-н;1 913.4;;0.57090316;0.199326291
dod6;17302200000;Володимирецький р-н;25 507.3;;0.276172401;0.600429641
dod6;22303200000;Волочиський р-н;755.9;;0.55494533;0.790167503
dod6;14308200000;Врадіївський р-н;3 930.7;;0.328984957;0.1844738
dod6;16302200000;Гадяцький р-н;;;0.48186001;0.449053446
dod6;11303200000;Гайворонський р-н;8 992.5;;0.310490792;0.368416278
dod6;02304200000;Гайсинський р-н;6 480.4;;0.270296482;0.330299909
dod6;09303200000;Галицький р-н;14 792.5;;0.583541383;0.453134763
dod6;21307200000;Генічеський р-н;15 200.0;;0.124353957;0.0740426
dod6;24302200000;Герцаївський р-н;13 194.0;;0.516419721;0.976203929
dod6;24303200000;Глибоцький р-н;26 386.1;;0.856044364;0.422862383
dod6;16303200000;Глобинський р-н;3 696.0;;0.868780806;0.42815169
dod6;18304200000;Глухiвський р-н;2 546.6;;0.830851021;0.903414846
dod6;11304200000;Голованівський р-н;;;0.782509994;0.873664094
dod6;21308200000;Голопристанський р-н;17 239.5;;0.022378605;0.846269117
dod6;21309200000;Горностаївський р-н;3 085.1;;0.255737126;0.551668008
dod6;09304200000;Городенківський р-н;18 766.5;;0.288139251;0.265296492
dod6;23301200000;Городищенський р-н;8 700.7;;0.962312666;0.216266752
dod6;25305200000;Городнянський р-н;6 795.0;;0.217823016;0.820949385
dod6;13303200000;Городоцький р-н (Львівська обл.);17 638.7;;0.71025313;0.119055998
dod6;22304200000;Городоцький р-н (Хмельницька обл.);11 633.0;;0.963440641;0.376733218
dod6;03302200000;Горохівський р-н;17 221.1;;0.888069596;0.01125399
dod6;17303200000;Гощанський р-н;4 867.4;;0.384138963;0.706018466
dod6;08306200000;Гуляйпільський р-н;183.0;;0.219352154;0.237774639
dod6;19304200000;Гусятинський р-н;15 231.4;;0.208536062;0.913606614
dod6;20309200000;Дворічанський р-н;1 209.0;;0.45402356;0.976921829
dod6;17304200000;Демидiвський р-н;4 691.9;;0.849391589;0.119285316
dod6;22305200000;Деражнянський  р-н;9 147.0;;0.514112227;0.489660834
dod6;20310200000;Дергачівський р-н;9 567.0;;0.61479431;0.780974867
dod6;04304200000;Днiпропетровський р-н;12 696.0;;0.094236744;0.544792215
dod6;05306200000;Добpопільський р-н;1 528.6;;0.169576284;0.907755784
dod6;11306200000;Долинський р-н (Кіровоградська обл.);1 132.9;;0.143397405;0.049027446
dod6;14309200000;Доманівський р-н;5 925.2;;0.072140425;0.192576237
dod6;23302200000;Драбiвський р-н;3 784.3;;0.406910334;0.612570856
dod6;13304200000;Дрогобицький р-н;32 774.9;;0.662525258;0.141132391
dod6;17305200000;Дубенський р-н;13 936.8;;0.681458801;0.985830461
dod6;17306200000;Дубровицький р-н;14 444.3;;0.652668876;0.630311964
dod6;22306200000;Дунаєвецький  р-н;2 029.3;;0.400662992;0.368749551
dod6;14310200000;Єланецький р-н;2 800.7;;0.700302989;0.945380126
dod6;06307200000;Ємільчинський р-н;10 821.8;;0.903618632;0.476719576
dod6;23303200000;Жашкiвський р-н;;;0.474276106;0.832454437
dod6;13305200000;Жидачівський р-н;15 977.9;;0.532088943;0.220658227
dod6;06308200000;Житомирський р-н;6 902.0;;0.02155511;0.380201702
dod6;02305200000;Жмеринський р-н;12 190.0;;0.71978917;0.494455577
dod6;13306200000;Жовківський р-н;33 433.9;;0.095580059;0.85738979
dod6;19305200000;Заліщицький р-н;16 538.5;;0.184841424;0.163767898
dod6;08307200000;Запорізький р-н;15 925.4;;0.287512941;0.192764361
dod6;17307200000;Зарiчненський р-н;14 307.0;;0.115162039;0.111092346
dod6;24304200000;Заставнівський р-н;19 286.1;;0.576478249;0.735866667
dod6;20311200000;Зачепилівський р-н;1 010.8;;0.312334955;0.305181637
dod6;19306200000;Збаразький р-н;18 772.3;;0.4947583;0.247839045
dod6;19307200000;Зборівський р-н;10 650.6;;0.437445826;0.861695729
dod6;23304200000;Звенигородський р-н;6 998.1;;0.179482583;0.679518124
dod6;17308200000;Здолбунiвський р-н;7 320.9;;0.344183377;0.615964149
dod6;16306200000;Зінківський р-н;;;0.047958556;0.120306726
dod6;20312200000;Зміївський р-н;4 687.6;;0.298098704;0.913470275
dod6;23305200000;Золотонiський р-н;1 015.9;;0.180167871;0.834754565
dod6;13307200000;Золочівський р-н (Львівська обл.);16 251.5;;0.335013647;0.765230608
dod6;20313200000;Золочівський р-н (Харківська обл.);4 407.0;;0.403536157;0.2664349
dod6;03303200000;Іваничівський р-н;3 304.9;;0.510203477;0.64304214
dod6;15309200000;Іванівський р-н (Одеська обл.);6 390.4;;0.495605088;0.133765794
dod6;21310200000;Іванівський р-н (Херсонська обл.);2 857.8;;0.957356587;0.719394683
dod6;15310200000;Ізмаїльський р-н;18 113.8;;0.195047826;0.720086027
dod6;20314200000;Ізюмський р-н;91.0;;0.599511584;0.592850402
dod6;22307200000;Iзяславський р-н;8 232.0;;0.76889877;0.07330747
dod6;02306200000;Іллінецький р-н;;;0.380381984;0.256445031
dod6;07305200000;Іршавський р-н;41 372.2;;0.49998359;0.520796787
dod6;25306200000;Ічнянський р-н;;;0.153093077;0.941706688
dod6;10312200000;Кагарлицький р-н;323.1;;0.929146885;0.737738043
dod6;14312200000;Казанківський р-н;1 219.9;;0.796349909;0.990229811
dod6;21311200000;Каланчацький р-н;4 722.5;;0.002124622;0.42177814
dod6;02307200000;Калинівський р-н;9 489.5;;0.556323922;0.424252799
dod6;09306200000;Калуський р-н;21 056.1;;0.023049152;0.047730369
dod6;22308200000;Кам'янець-Подiльський р-н;13 333.1;;0.777066065;0.56096387
dod6;08308200000;Кам'янсько-Дніпровський р-н;12 951.5;;0.365764698;0.863916873
dod6;03304200000;Камінь-Каширський р-н;26 496.8;;0.342168004;0.078150385
dod6;13308200000;Кам'янка-Бузький р-н;2 840.5;;0.282267394;0.384054626
dod6;23306200000;Кам'янський р-н;4 306.3;;0.209799693;0.920574522
dod6;16307200000;Карлівський р-н;1 401.8;;0.986853383;0.946367582
dod6;23308200000;Катеринопiльський р-н;1 429.8;;0.453589917;0.01351064
dod6;21312200000;Каховський р-н;6 590.0;;0.532962592;0.021423676
dod6;24305200000;Кельменецький р-н;14 830.7;;0.713831192;0.751454264
dod6;03305200000;Ківерцівський р-н;19 980.4;;0.728364941;0.79116673
dod6;15311200000;Кілійський р-н;15 085.8;;0.071141548;0.639609656
dod6;24306200000;Кіцманський р-н;25 089.0;;0.897577141;0.404080307
dod6;16308200000;Кобеляцький р-н;3 004.5;;0.530531019;0.598030841
dod6;03306200000;Ковельський р-н;8 894.4;;0.584036972;0.391692312
dod6;15312200000;Кодимський р-н;9 008.3;;0.837685738;0.814827835
dod6;25307200000;Козелецький р-н;6 279.0;;0.838508281;0.000562
dod6;16309200000;Козельщинський р-н;1 776.8;;0.751950359;0.376768157
dod6;19308200000;Козівський р-н;11 840.0;;0.787696837;0.970222874
dod6;02308200000;Козятинський р-н;7 982.3;;0.558663183;0.992039832
dod6;20316200000;Коломацький р-н;;;0.838443045;0.121427945
dod6;09307200000;Коломийський р-н;35 178.9;;0.930090729;0.460109865
dod6;11309200000;Компаніївський р-н;1 112.2;;0.115451641;0.184200836
dod6;18305200000;Конотопський р-н;6 057.3;;0.23380073;0.465805381
dod6;17309200000;Корецький р-н;11 789.1;;0.110424379;0.091371386
dod6;25308200000;Коропський р-н;6 820.1;;0.328421885;0.778608593
dod6;06309200000;Коростенський р-н;295.0;;0.534196781;0.007438069
dod6;06310200000;Коростишівський р-н;9 616.5;;0.005664391;0.41248656
dod6;23309200000;Корсунь-Шевченкiвський р-н;;;0.895472083;0.923203861
dod6;25309200000;Корюківський р-н;;;0.946830676;0.146310566
dod6;09308200000;Косівський р-н;34 644.7;;0.672599595;0.890703126
dod6;17310200000;Костопiльський р-н;17 576.5;;0.141659831;0.217132654
dod6;16326200000;Котелевський р-н;35.8;;0.228379489;0.393469365
dod6;15314200000;Котовський р-н;8 876.2;;0.423825528;0.763003076
dod6;22309200000;Красилiвський  р-н;3 271.3;;0.246716078;0.427078645
dod6;20318200000;Краснокутський р-н;3 160.7;;0.343199615;0.090142078
dod6;15315200000;Красноокнянський р-н;4 598.5;;0.304009327;0.111569323
dod6;18306200000;Краснопільський р-н;5 478.2;;0.144096398;0.17375977
dod6;19309200000;Кременецький р-н;14 702.0;;0.440794905;0.028751802
dod6;16310200000;Кременчуцький р-н;7 573.5;;0.130314171;0.30534936
dod6;12305200000;Кремінський р-н;8 510.2;;0.634653878;0.421184474
dod6;14313200000;Кривоозерський р-н;4 528.8;;0.199902212;0.509515277
dod6;04305200000;Криворiзький р-н;2 683.9;;0.370098284;0.519068372
dod6;02309200000;Крижопільський р-н;1 076.7;;0.388542842;0.011782826
dod6;04306200000;Криничанський р-н;3 588.8;;0.952293363;0.064788181
dod6;18307200000;Кролевецький р-н;10 595.6;;0.500442464;0.876497858
dod6;08309200000;Куйбишевський р-н;487.0;;0.020786387;0.728761909
dod6;25310200000;Куликівський р-н;3 960.6;;0.514225771;0.25991698
dod6;20319200000;Куп'янський р-н;7 022.0;;0.950608458;0.55383551
dod6;19310200000;Лановецький р-н;8 509.0;;0.926995782;0.591375506
dod6;18308200000;Лебединський р-н;1 903.1;;0.341595587;0.625224473
dod6;22310200000;Летичiвський р-н;;;0.512886037;0.67451472
dod6;02310200000;Липовецький р-н;7 996.5;;0.104921601;0.256725757
dod6;18309200000;Липоводолинський р-н;1 541.3;;0.748430623;0.301552163
dod6;23310200000;Лисянський р-н;2 431.1;;0.396493194;0.59303542
dod6;02311200000;Літинський р-н;9 192.8;;0.313586868;0.388920015
dod6;20320200000;Лозівський р-н;2 114.2;;0.706188322;0.373673082
dod6;03307200000;Локачинський р-н;6 233.8;;0.184096594;0.376268358
dod6;16311200000;Лохвицький р-н;;;0.382830481;0.068292316
dod6;16312200000;Лубенський р-н;5 841.1;;0.428231611;0.493598518
dod6;06311200000;Лугинський р-н;4 868.1;;0.168726813;0.737568889
dod6;06312200000;Любарський р-н;4 008.3;;0.945236328;0.98149601
dod6;15316200000;Любашівський р-н;7 907.1;;0.828951773;0.952276818
dod6;03309200000;Любешівський р-н;14 113.9;;0.569987756;0.60255879
dod6;03310200000;Любомльський р-н;11 766.2;;0.62908315;0.272686891
dod6;05309200000;Маp'їнський р-н;8 655.4;;0.883406155;0.83421634
dod6;04307200000;Магдалинiвський р-н;;;0.655674215;0.377296016
dod6;06313200000;Малинський р-н;2 053.6;;0.85658279;0.330540628
dod6;11310200000;Маловисківський р-н;;;0.466762587;0.468349858
dod6;03311200000;Маневицький р-н;17 740.5;;0.851089459;0.539087954
dod6;23311200000;Манькiвський р-н;2 464.6;;0.333251224;0.019628504
dod6;12307200000;Марківський р-н;1 561.7;;0.377616571;0.387879088
dod6;04308200000;Межiвський р-н;1 971.2;;0.155561048;0.019914873
dod6;08310200000;Мелітопольський р-н;13 467.9;;0.29716084;0.898593691
dod6;25311200000;Менський р-н;8 882.8;;0.054515244;0.359506542
dod6;13309200000;Миколаївський р-н (Львівська обл.);14 717.8;;0.741447814;0.104363629
dod6;14314200000;Миколаївський р-н (Миколаївська обл.);1 382.5;;0.948042925;0.756823635
dod6;15317200000;Миколаївський р-н (Одеська обл.);3 494.2;;0.279862685;0.637614361
dod6;16314200000;Миргородський р-н;731.5;;0.802955211;0.539225775
dod6;08311200000;Михайлівський р-н;6 351.8;;0.546151656;0.543601211
dod6;07306200000;Міжгірський р-н;16 123.9;;0.247061419;0.420287396
dod6;12308200000;Міловський р-н;3 924.4;;0.732677031;0.494270789
dod6;17311200000;Млинiвський р-н;9 285.1;;0.715312093;0.076796046
dod6;02312200000;Могилів-Подільський р-н;12 487.0;;0.369788809;0.436135308
dod6;23312200000;Монастирищенський р-н;6 594.3;;0.118514832;0.231842203
dod6;19311200000;Монастириський р-н;8 612.4;;0.894038286;0.918861944
dod6;13310200000;Мостиський р-н;16 994.2;;0.380409363;0.210362388
dod6;07307200000;Мукачівський р-н;40 325.5;;0.220175221;0.295518386
dod6;02313200000;Мурованокуриловецький р-н;6 114.0;;0.093020045;0.63061692
dod6;04309200000;Нiкопольський р-н;6 277.3;;0.620497067;0.746284217
dod6;09309200000;Надвірнянський р-н;27 072.5;;0.592770602;0.497155108
dod6;18310200000;Недригайлівський р-н;3 006.1;;0.48442234;0.464845233
dod6;02314200000;Немирівський р-н;6 110.6;;0.247146279;0.158475959
dod6;21313200000;Нижньосірогозький р-н;3 232.4;;0.817018655;0.613512768
dod6;25312200000;Ніжинський р-н;7 443.2;;0.866963255;0.893003781
dod6;11311200000;Новгородківський р-н;;;0.74434623;0.585569886
dod6;25313200000;Новгород-Сіверський р-н;4 393.3;;0.998049347;0.296510413
dod6;12309200000;Новоайдарський р-н;804.1;;0.400943796;0.17852546
dod6;11312200000;Новоархангельський р-н;2 286.7;;0.109445984;0.087691612
dod6;14315200000;Новобузький р-н;6 766.6;;0.425568052;0.103085649
dod6;20321200000;Нововодолазький р-н;4 053.2;;0.453966356;0.004288916
dod6;21314200000;Нововоронцовський р-н;6 151.3;;0.823026153;0.037847797
dod6;06315200000;Новоград-Волинський р-н;8 572.0;;0.441119664;0.384299158
dod6;08312200000;Новомиколаївський р-н;364.7;;0.050541726;0.582947643
dod6;11313200000;Новомиргородський р-н;;;0.063773892;0.381780429
dod6;14316200000;Новоодеський р-н;6 145.6;;0.177663978;0.224391267
dod6;12310200000;Новопсковський р-н;5 550.7;;0.947554276;0.353267307
dod6;24307200000;Новоселицький р-н;26 213.1;;0.707509407;0.193604269
dod6;21315200000;Новотроїцький р-н;5 727.2;;0.147877213;0.030610751
dod6;11314200000;Новоукраїнський р-н;3 023.0;;0.978559148;0.428852171
dod6;22311200000;Новоушицький  р-н;1 066.0;;0.866408693;0.06804291
dod6;25314200000;Носівський р-н;3 447.2;;0.033188616;0.592009756
dod6;15318200000;Овідіопольський р-н;;;0.992202832;0.592850146
dod6;06316200000;Овруцький р-н;10 200.1;;0.236176606;0.055121202
dod6;06317200000;Олевський р-н;13 186.9;;0.090109637;0.860285319
dod6;05311200000;Олександрівський р-н (Донецька обл.);3 893.5;;0.82094883;0.010102469
dod6;11315200000;Олександрівський р-н (Кіровоградська обл.);49.9;;0.893234586;0.520966519
dod6;11316200000;Олександрійський р-н;841.3;;0.875158474;0.742662897
dod6;11317200000;Онуфріївський р-н;3 835.1;;0.525494415;0.706029796
dod6;02315200000;Оратівський р-н;3 678.9;;0.774229579;0.188314479
dod6;16317200000;Оржицький р-н;;;0.510195985;0.864196587
dod6;08313200000;Оріхівський р-н;8 760.8;;0.529272381;0.495883592
dod6;17312200000;Острозький р-н;11 424.3;;0.57406814;0.40835801
dod6;18311200000;Охтирський р-н;786.5;;0.80320774;0.219884993
dod6;14317200000;Очаківський р-н;2 972.1;;0.147018659;0.11337331
dod6;05312200000;Пеpшотравневий р-н;1 116.3;;0.5244363;0.188353208
dod6;14318200000;Первомайський р-н (Миколаївська обл.);3 657.7;;0.574019874;0.902722798
dod6;20322200000;Первомайський р-н (Харківська обл.);;;0.841389232;0.027289103
dod6;13311200000;Перемишлянський р-н;9 514.7;;0.590254645;0.345293686
dod6;07308200000;Перечинський р-н;7 986.6;;0.311478006;0.575766037
dod6;04312200000;Петрикiвський р-н;;;0.57607679;0.654555812
dod6;11318200000;Петрівський р-н;;;0.301656067;0.376755081
dod6;20323200000;Печенізький р-н;1 361.5;;0.294820558;0.621076985
dod6;16318200000;Пирятинський р-н;1 786.4;;0.247988326;0.943178006
dod6;19312200000;Підволочиський р-н;268.3;;0.345906608;0.858651073
dod6;19313200000;Підгаєцький р-н;6 793.2;;0.578399429;0.920281259
dod6;02316200000;Піщанський р-н;2 448.4;;0.450577473;0.090415884
dod6;02317200000;Погребищенський р-н;6 049.8;;0.703717677;0.024747315
dod6;04314200000;Покровський р-н;5 438.4;;0.23008921;0.930298683
dod6;10318200000;Полiський р-н;1 138.1;;0.359477073;0.384941994
dod6;22312200000;Полонський р-н;994.9;;0.865598989;0.221953731
dod6;16319200000;Полтавський р-н;8 257.4;;0.222441289;0.804200505
dod6;12312200000;Попаснянський р-н;3 203.7;;0.247732675;0.353100064
dod6;06318200000;Попільнянський р-н;914.0;;0.124947275;0.602835121
dod6;08315200000;Приазовський р-н;5 641.0;;0.343346372;0.764527238
dod6;25315200000;Прилуцький р-н;4 341.5;;0.6955959;0.156565169
dod6;08316200000;Приморський р-н;3 945.3;;0.401218542;0.078060111
dod6;13312200000;Пустомитівський р-н;22 504.4;;0.687810769;0.16862638
dod6;18312200000;Путивльський р-н;7 005.1;;0.816333213;0.520128254
dod6;24308200000;Путильський р-н;7 114.2;;0.855184889;0.730277754
dod6;04315200000;П'ятихатський р-н;3 663.7;;0.760456474;0.773371923
dod6;13313200000;Радехівський р-н;6 312.2;;0.00979052;0.00826559
dod6;17313200000;Радивилiвський р-н;7 758.7;;0.428420714;0.717981153
dod6;06319200000;Радомишльський р-н;3 095.7;;0.384719204;0.649777551
dod6;03312200000;Ратнівський р-н;20 086.8;;0.358801023;0.719246484
dod6;07309200000;Рахівський р-н;33 461.6;;0.993261582;0.907244173
dod6;15319200000;Ренійський р-н;7 572.9;;0.507277053;0.823539298
dod6;16320200000;Решетилівський р-н;;;0.00408855;0.285741287
dod6;17314200000;Рiвненський р-н;12 909.3;;0.593346549;0.198253919
dod6;25316200000;Ріпкинський р-н;5 122.1;;0.833300481;0.39613619
dod6;09310200000;Рогатинський р-н;12 652.4;;0.713630407;0.492432876
dod6;03313200000;Рожищенський р-н;13 440.8;;0.864150942;0.802548767
dod6;09311200000;Рожнятівський р-н;25 555.4;;0.789121694;0.904135344
dod6;15320200000;Роздільнянський р-н;14 593.1;;0.336227236;0.935215375
dod6;08317200000;Розівський р-н;467.7;;0.768330124;0.144661294
dod6;17315200000;Рокитнiвський р-н;19 076.9;;0.482595056;0.191157231
dod6;10319200000;Рокитнянський р-н;;;0.239779255;0.039764625
dod6;06306200000;Романівський р-н;6 597.3;;0.255165347;0.250328142
dod6;18313200000;Роменський р-н;4 712.0;;0.490148595;0.559565543
dod6;06320200000;Ружинський р-н;3 798.1;;0.486562263;0.258593179
dod6;15321200000;Савранський р-н;5 212.1;;0.082473751;0.280416365
dod6;13314200000;Самбірський р-н;14 558.8;;0.209729159;0.962707999
dod6;15322200000;Саратський р-н;10 920.8;;0.553452791;0.852684879
dod6;17316200000;Сарненський р-н;27 601.0;;0.259213771;0.700125646
dod6;20324200000;Сахновщинський р-н;2 404.0;;0.76140834;0.426700466
dod6;07310200000;Свалявський р-н;11 034.3;;0.888040729;0.433866975
dod6;12313200000;Сватівський р-н;1 867.7;;0.790411044;0.560715643
dod6;11319200000;Світловодський р-н;1 608.4;;0.961651714;0.049819225
dod6;16321200000;Семенівський р-н (Полтавська обл.);1 255.9;;0.903925867;0.16103279
dod6;25317200000;Семенівський р-н (Чернігівська обл.);3 056.0;;0.983745787;0.126443441
dod6;18314200000;Середино-Будський р-н;3 796.6;;0.243720548;0.047968143
dod6;04316200000;Синельникiвський р-н;6 739.8;;0.330176389;0.344916512
dod6;21316200000;Скадовський р-н;13 785.8;;0.411977171;0.647181514
dod6;10320200000;Сквирський р-н;;;0.773920998;0.549505231
dod6;13315200000;Сколівський р-н;12 009.7;;0.05341725;0.442166173
dod6;22313200000;Славутський р-н;1 133.0;;0.482316981;0.460618412
dod6;05313200000;Слов'янський р-н;6 536.4;;0.479698812;0.135974927
dod6;23313200000;Смiлянський р-н;8 543.8;;0.374240761;0.792412091
dod6;14319200000;Снігурівський р-н;7 605.2;;0.224044736;0.049276803
dod6;09312200000;Снятинський р-н;24 825.0;;0.631794586;0.871008822
dod6;13316200000;Сокальський р-н;1 411.5;;0.7978566;0.351398679
dod6;24309200000;Сокирянський р-н;10 406.7;;0.708811613;0.351306474
dod6;04317200000;Солонянський р-н;4 112.5;;0.284525129;0.334794733
dod6;25318200000;Сосницький р-н;4 600.1;;0.269781525;0.983967845
dod6;04318200000;Софiївський р-н;1 540.1;;0.175288569;0.074549776
dod6;25319200000;Срібнянський р-н;1 295.1;;0.683140379;0.027783683
dod6;10321200000;Ставищенський р-н;589.1;;0.97492524;0.03946145
dod6;12315200000;Станично-Луганський р-н;15 011.8;;0.943130602;0.754014509
dod6;12316200000;Старобільський р-н;4 643.7;;0.524448099;0.207728896
dod6;03314200000;Старовижівський р-н;12 370.4;;0.250654537;0.463270228
dod6;22314200000;Старокостянтинiвський р-н;5 533.7;;0.693502907;0.936685263
dod6;13317200000;Старосамбірський р-н;26 107.3;;0.294776195;0.18888248
dod6;24310200000;Сторожинецький р-н;34 144.7;;0.128216884;0.044858613
dod6;18315200000;Сумський р-н;12 003.3;;0.91595704;0.437762345
dod6;25320200000;Талалаївський р-н;567.7;;0.020077448;0.219755602
dod6;23314200000;Тальнiвський р-н;777.7;;0.604031209;0.82536066
dod6;10322200000;Таращанський р-н;4 018.0;;0.986744256;0.633020859
dod6;15323200000;Тарутинський р-н;12 281.1;;0.735761753;0.336859572
dod6;15324200000;Татарбунарський р-н;10 681.2;;0.674321646;0.326320181
dod6;22316200000;Теофiпольський р-н;4 251.5;;0.601494995;0.313262499
dod6;02318200000;Теплицький р-н;4 784.0;;0.968746423;0.05341205
dod6;19314200000;Теребовлянський р-н;5 685.6;;0.913307095;0.945565307
dod6;19315200000;Тернопільський р-н;11 900.6;;0.20573088;0.4037927
dod6;10323200000;Тетiївський р-н;3 826.6;;0.236462418;0.665981033
dod6;02319200000;Тиврівський р-н;7 450.4;;0.832706881;0.42799458
dod6;09313200000;Тисменицький р-н;25 554.7;;0.37592625;0.51939342
dod6;09314200000;Тлумацький р-н;18 519.9;;0.698278354;0.203265544
dod6;08318200000;Токмацький р-н;1 122.6;;0.561944456;0.433872112
dod6;04319200000;Томакiвський р-н;3 524.5;;0.213755616;0.592474607
dod6;02320200000;Томашпільський р-н;4 237.0;;0.730341466;0.656107449
dod6;12317200000;Троїцький р-н;319.6;;0.889580863;0.42871577
dod6;02321200000;Тростянецький р-н (Вінницька обл.);3 840.8;;0.432023736;0.945584309
dod6;18316200000;Тростянецький р-н (Сумська обл.);;;0.61996665;0.065477821
dod6;02322200000;Тульчинський р-н;9 341.2;;0.613373552;0.950625266
dod6;03315200000;Турійський р-н;8 464.0;;0.983555409;0.71035263
dod6;13319200000;Турківський р-н;18 644.0;;0.051195806;0.302760671
dod6;07311200000;Тячівський р-н;63 615.1;;0.346692771;0.711955314
dod6;07312200000;Ужгородський р-н;5 887.8;;0.657716356;0.520773791
dod6;11320200000;Ульяновський р-н;5 826.6;;0.222842449;0.666045838
dod6;23315200000;Уманський р-н;;;0.929034621;0.592258228
dod6;11321200000;Устинівський р-н;;;0.457813052;0.692698543
dod6;10324200000;Фастiвський р-н;8 554.9;;0.015736345;0.19240589
dod6;15325200000;Фрунзівський р-н;6 646.6;;0.122274695;0.458442289
dod6;20325200000;Харківський р-н;31 926.2;;0.835663199;0.778362148
dod6;22317200000;Хмельницький р-н;4 480.7;;0.392985282;0.653752038
dod6;02323200000;Хмільницький р-н;7 911.1;;0.038619508;0.450808494
dod6;16322200000;Хорольський р-н;;;0.092907163;0.087861078
dod6;24311200000;Хотинський р-н;14 943.6;;0.83001651;0.127061307
dod6;23316200000;Христинiвський р-н;;;0.870222453;0.193956047
dod6;07313200000;Хустський р-н;43 302.5;;0.840105119;0.791932237
dod6;04320200000;Царичанський р-н;3 729.1;;0.185306202;0.062515829
dod6;21317200000;Цюрупинський р-н;23 060.5;;0.716753862;0.958257117
dod6;21318200000;Чаплинський р-н;6 765.6;;0.208552579;0.582805165
dod6;22318200000;Чемеровецький р-н;8 112.3;;0.581556618;0.902144704
dod6;06321200000;Червоноармійський р-н;8 055.2;;0.330645829;0.801379957
dod6;23317200000;Черкаський р-н;10 484.6;;0.125006911;0.178938399
dod6;02324200000;Чернівецький р-н;6 149.3;;0.755349947;0.658421032
dod6;08319200000;Чернігівський р-н (Запорізька обл.);1 639.8;;0.324647653;0.340919639
dod6;25321200000;Чернігівський р-н (Чернігівська обл.);2 258.1;;0.38028807;0.642593104
dod6;06322200000;Черняхівський р-н;6 896.5;;0.514238849;0.864056455
dod6;02325200000;Чечельницький р-н;5 515.3;;0.282566658;0.562232354
dod6;23318200000;Чигиринський р-н;2 370.3;;0.507659259;0.681445831
dod6;23319200000;Чорнобаївський р-н;;;0.603622888;0.267890118
dod6;16323200000;Чорнухинський р-н;1 072.1;;0.19018365;0.112591892
dod6;19316200000;Чортківський р-н;11 632.7;;0.97497088;0.600165732
dod6;20326200000;Чугуївський р-н;3 792.6;;0.305498156;0.396042924
dod6;06323200000;Чуднівський р-н;5 412.6;;0.961681977;0.133175614
dod6;16324200000;Чутівський р-н;1 990.0;;0.04615594;0.843772965
dod6;02326200000;Шаргородський р-н;18 402.0;;0.631442073;0.58632766
dod6;03316200000;Шацький р-н;5 460.7;;0.571975585;0.583743849
dod6;20327200000;Шевченківський р-н;1 343.8;;0.393794065;0.67296914
dod6;22319200000;Шепетiвський р-н;6 406.0;;0.387412007;0.637012416
dod6;04321200000;Широкiвський р-н;3 718.3;;0.525654788;0.894488644
dod6;15326200000;Ширяївський р-н;6 886.9;;0.035879765;0.656626426
dod6;18317200000;Шосткинський р-н;5 865.0;;0.552937385;0.099435735
dod6;23320200000;Шполянський р-н;;;0.100747698;0.517224046
dod6;19317200000;Шумський р-н;4 617.1;;0.898681831;0.851615393
dod6;25322200000;Щорський р-н;4 277.7;;0.160011775;0.734014721
dod6;04322200000;Юр'ївський р-н;;;0.310806014;0.869720517
dod6;13320200000;Яворівський р-н;20 003.4;;0.243309356;0.457115948
dod6;10325200000;Яготинський р-н;;;0.671217438;0.616433068
dod6;08320200000;Якимівський р-н;8 512.0;;0.085850167;0.603742074
dod6;02327200000;Ямпільський р-н (Вінницька обл.);10 006.1;;0.937481738;0.31903202
dod6;18318200000;Ямпільський р-н (Сумська обл.);4 079.7;;0.310521747;0.000743546
dod6;22320200000;Ярмолинецький р-н;5 096.1;;0.486887347;0.964036877
dod6;05317200000;Ясинуватcький р-н;;;0.203059809;0.192511755
dod6;04501000000;отг м. Апостолове ;395.8;;0.67077442;0.5826096
dod6;15501000000;отг м. Балта;7 092.4;;0.864331454;0.763349179
dod6;11501000000;отг м. Бобринець ;695.5;;0.905490626;0.921588162
dod6;22503000000;отг м. Волочиськ  ;;;0.315224222;0.501881447
dod6;22507000000;отг м. Дунаївці;8 574.7;;0.531038981;0.354941847
dod6;02501000000;отг м. Калинівка ;;;0.370524847;0.046909885
dod6;11502000000;отг м. Мала Виска;;;0.313355252;0.335256118
dod6;16506000000;отг м. Пирятин;1 421.3;;0.962723122;0.584133367
dod6;22517000000;отг м. Полонне;9 266.6;;0.86267282;0.936916416
dod6;19521000000;отг м. Почаїв;3 616.8;;0.363866621;0.968659865
dod6;19523000000;отг м. Скалат;4 453.1;;0.716165522;0.692351818
dod6;24509000000;отг м. Сокиряни;895.1;;0.136269224;0.30180388
dod6;19525000000;отг м. Теребовля;7 073.4;;0.037250536;0.75006307
dod6;07502000000;отг м. Тячів;596.4;;0.805083455;0.907262996
dod6;03505000000;отг м. Устилуг ;1 840.9;;0.14583662;0.405824345
dod6;19526000000;отг м. Шумськ  ;6 887.2;;0.23687509;0.86389371
dod6;12501000000;отг смт Білокуракине;246.3;;0.950534898;0.363520876
dod6;15503000000;отг смт Велика Михайлівка;2 612.3;;0.011953196;0.356679494
dod6;08502000000;отг смт Веселе;2 182.4;;0.756824159;0.715678197
dod6;22502000000;отг смт Війтівці;2 432.1;;0.98556211;0.874203743
dod6;24504000000;отг смт Глибока;861.6;;0.013888796;0.517091288
dod6;13505000000;отг смт Гніздичів;1 864.6;;0.619030847;0.291116578
dod6;03502000000;отг смт Голоби ;3 152.0;;0.932830531;0.237193055
dod6;13507000000;отг смт Дубляни;1 285.5;;0.565449348;0.480586955
dod6;22508000000;отг смт Дунаївці;3 188.8;;0.765162968;0.734107274
dod6;19506000000;отг смт Заводське;37.1;;0.052764677;0.196113412
dod6;19508000000;отг смт Золотий Потік;5 101.2;;0.667701976;0.537657951
dod6;10501000000;отг смт Калита;;;0.787163476;0.842402888
dod6;17503000000;отг смт Клесів;;;0.929013515;0.099010159
dod6;19510000000;отг смт Козлів;1 426.9;;0.090786939;0.85672203
dod6;08503000000;отг смт Комиш-Зоря;647.2;;0.300971366;0.405334218
dod6;19513000000;отг смт Коропець   ;2 197.6;;0.721313246;0.612985366
dod6;22511000000;отг смт Летичів;4 620.8;;0.757433034;0.811109247
dod6;22514000000;отг смт Меджибіж;1 468.2;;0.270725064;0.936429138
dod6;19515000000;отг смт Мельниця-Подільська   ;7 272.8;;0.468104352;0.949420697
dod6;19516000000;отг смт Микулинці;2 326.6;;0.511053061;0.599871343
dod6;22515000000;отг смт Наркевичі;1 031.1;;0.617865443;0.370346758
dod6;06505000000;отг смт Народичі ;1 774.6;;0.038507698;0.000496104
dod6;06506000000;отг смт Нова Борова;2 886.1;;0.760853441;0.024674384
dod6;22516000000;отг смт Нова Ушиця;7 613.2;;0.972714473;0.632964897
dod6;13513000000;отг смт Нові Стрілища;1 156.3;;0.699734278;0.586987368
dod6;04512000000;отг смт Новопокровка ;1 566.7;;0.570459179;0.98577429
dod6;12502000000;отг смт Новопсков;;;0.894329413;0.594817105
dod6;25505000000;отг смт Парафіївка  ;429.3;;0.218656006;0.142817911
dod6;09502000000;отг смт Печеніжин;8 115.1;;0.959577091;0.08303978
dod6;19520000000;отг смт Підволочиськ  ;4 215.3;;0.945391111;0.374724584
dod6;22518000000;отг смт Понінка;2 740.2;;0.115089591;0.499173106
dod6;22520000000;отг смт Сатанів;2 654.4;;0.50040513;0.467385753
dod6;16510000000;отг смт Семенівка  ;379.3;;0.707835597;0.669761051
dod6;19522000000;отг смт Скала-Подільська   ;3 897.5;;0.331369598;0.624914795
dod6;04513000000;отг смт Солоне;;;0.535802073;0.152967067
dod6;22521000000;отг смт Стара Синява;4 821.0;;0.898859937;0.440789198
dod6;06509000000;отг смт Червоне;1 446.6;;0.532170641;0.128238845
dod6;05503000000;отг смт Черкаське;3 482.3;;0.483981461;0.600165998
dod6;22522000000;отг смт Чорний Острів;2 917.6;;0.196484371;0.444802958
dod6;04504000000;отг с-ще Єлізарове;936.1;;0.983822361;0.580960018
dod6;17501000000;отг с. Бабин;1 306.9;;0.142542603;0.007251795
dod6;13501000000;отг с. Бабина;1 925.4;;0.876603124;0.950160927
dod6;18501000000;отг с. Береза;1 217.3;;0.102423422;0.436370876
dod6;22501000000;отг с. Берездів;2 656.6;;0.552394053;0.400354339
dod6;08501000000;отг с. Берестове;815.5;;0.256644106;0.936521248
dod6;19502000000;отг с. Білобожниця;1 570.3;;0.882022452;0.187537143
dod6;23501000000;отг с. Білозір'я;2 343.4;;0.076564513;0.671661342
dod6;13502000000;отг с. Бісковичі;2 351.1;;0.783960127;0.110514644
dod6;17502000000;отг с. Бугрин;1 776.7;;0.61473694;0.186257367
dod6;24501000000;отг с. Вашківці;1 910.2;;0.823110218;0.467026901
dod6;24502000000;отг с. Великий Кучурів;6 932.6;;0.591413705;0.054158118
dod6;19504000000;отг с. Великі Гаї;2 699.6;;0.658895704;0.774677579
dod6;03501000000;отг с. Велицьк ;1 711.4;;0.223568654;0.944865978
dod6;25501000000;отг с. Вертіївка  ;523.6;;0.966011215;0.046432815
dod6;09501000000;отг с. Верхня;5 074.6;;0.677208196;0.291743354
dod6;06501000000;отг с. Високе;843.7;;0.435318235;0.01192975
dod6;06502000000;отг с. Вишевичі;780.6;;0.995829652;0.905188622
dod6;07501000000;отг с. Вільхівці;5 867.8;;0.268726879;0.014668443
dod6;13503000000;отг с. Вільшаник;1 396.2;;0.886829725;0.297067473
dod6;24503000000;отг с. Волока;2 812.5;;0.885747772;0.152755265
dod6;13504000000;отг с. Воля-Баранецька;2 533.2;;0.868916118;0.687036368
dod6;22504000000;отг с. Ганнопіль;2 329.8;;0.822761181;0.33337325
dod6;22505000000;отг с. Гвардійське;2 346.7;;0.90407996;0.859914756
dod6;13506000000;отг с. Грабовець ;1 829.8;;0.065476582;0.468838129
dod6;06503000000;отг с. Дубрівка ;1 467.5;;0.955723571;0.117440288
dod6;04505000000;отг с. Жовтневе ;788.0;;0.443625333;0.180788064
dod6;13508000000;отг с. Заболотці;963.0;;0.397914949;0.066327861
dod6;03503000000;отг с. Зимне ;2 273.5;;0.598042981;0.294101983
dod6;19507000000;отг с. Золотники;2 635.8;;0.285647907;0.719592478
dod6;19509000000;отг с. Іванівка ;1 108.2;;0.495258859;0.288103663
dod6;22509000000;отг с. Китайгород;1 904.8;;0.881502695;0.308664878
dod6;25503000000;отг с. Кіпті;1 023.1;;0.450564803;0.765163328
dod6;16503000000;отг с. Клепачі;12.7;;0.751174155;0.774334859
dod6;24505000000;отг с. Клішківці;3 212.3;;0.63620223;0.445353668
dod6;22510000000;отг с. Колибаївка  ;1 987.2;;0.486929568;0.08415372
dod6;19511000000;отг с. Колиндяни;2 043.3;;0.531141108;0.880563657
dod6;19512000000;отг с. Колодне;945.5;;0.386505351;0.174718711
dod6;21501000000;отг с. Кочубеївка  ;773.6;;0.948459658;0.41731586
dod6;15504000000;отг с. Красносілка ;1 556.1;;0.957766345;0.183870223
dod6;04507000000;отг с. Ленінське ;2 504.9;;0.427010087;0.968599098
dod6;22512000000;отг с. Лісові Гринівці;1 815.6;;0.536790722;0.104648957
dod6;19514000000;отг с. Лопушне;1 052.6;;0.126082282;0.544487023
dod6;13509000000;отг с. Луки;1 729.4;;0.958824455;0.09624751
dod6;04508000000;отг с. Ляшківка;639.8;;0.243197572;0.144264786
dod6;22513000000;отг с. Маків;2 879.9;;0.753119026;0.661346245
dod6;25504000000;отг с. Макіївка  ;269.6;;0.104166421;0.037376712
dod6;24506000000;отг с. Мамалига;4 512.6;;0.529696513;0.776868953
dod6;15505000000;отг с. Маразліївка ;1 903.0;;0.270905187;0.767347565
dod6;17504000000;отг с. Миляч;2 611.5;;0.397734902;0.471195308
dod6;13510000000;отг с. Міженець;1 110.8;;0.647350755;0.566679121
dod6;23503000000;отг с. Мокра Калигірка;972.7;;0.551249776;0.540567478
dod6;24507000000;отг с. Недобоївці;3 441.5;;0.137879659;0.598490271
dod6;16504000000;отг с. Недогарки;786.4;;0.826903179;0.789864619
dod6;04510000000;отг с. Нива Трудова;2 042.7;;0.226702769;0.079865593
dod6;13512000000;отг с. Нове Місто;3 078.1;;0.870357772;0.423251604
dod6;19517000000;отг с. Нове Село;1 268.3;;0.384952252;0.800180978
dod6;04511000000;отг с. Новоолександрівка ;;;0.468935472;0.093819262
dod6;19518000000;отг с. Озерна;3 155.5;;0.005841472;0.101240283
dod6;19519000000;отг с. Озеряни;1 034.0;;0.872355591;0.46379091
dod6;16505000000;отг с. Омельник;;;0.686870743;0.985175745
dod6;17505000000;отг с. Підлозці;627.9;;0.53857462;0.255778483
dod6;16507000000;отг с. Піщане;;;0.28723749;0.646746818
dod6;16508000000;отг с. Покровська Багачка;;;0.606739088;0.95469106
dod6;06507000000;отг с. Потіївка ;1 349.3;;0.093720502;0.420107344
dod6;08504000000;отг с. Преображенка ;1 768.9;;0.757976016;0.692006553
dod6;16509000000;отг с. Пришиб;743.4;;0.189838382;0.619665389
dod6;15506000000;отг с. Розквіт;1 080.3;;0.627071526;0.948766784
dod6;24508000000;отг с. Рукшин;3 305.0;;0.376810215;0.803307016
dod6;19524000000;отг с. Скорики;492.9;;0.120713776;0.412335575
dod6;03504000000;отг с. Смолигів;85.2;;0.599519197;0.852518309
dod6;09503000000;отг с. Старі Богородчани;2 935.7;;0.601401754;0.741553245
dod6;02502000000;отг с. Студена ;1 048.4;;0.528437314;0.314837477
dod6;04514000000;отг с. Сурсько-Литовське ;2 099.3;;0.194276153;0.200650382
dod6;06508000000;отг с. Тетерівка;1 073.2;;0.718354258;0.497011613
dod6;13514000000;отг с. Тростянець ;1 976.7;;0.484837073;0.876183039
dod6;15507000000;отг с. Тузли;886.8;;0.85641783;0.550974014
dod6;24510000000;отг с. Усть-Путила;679.9;;0.196703815;0.768388306
dod6;16511000000;отг с. Червона Знам'янка;178.7;;0.644976928;0.904841466
dod6;15508000000;отг с. Червоноармійське ;248.4;;0.331192476;0.801015959
dod6;13515000000;отг с. Чуква;1 549.7;;0.878639696;0.3261602
dod6;02100000000;Обласний бюджет Вінницької області;46 095.6;;0.521193936;0.452592452
dod6;03100000000;Обласний бюджет Волинської області;69 437.7;;0.69389634;0.898943777
dod6;06100000000;Обласний бюджет Житомирської  області;39 994.7;;0.508550432;0.517159618
dod6;07100000000;Обласний бюджет Закарпатської області;99 510.7;;0.383093999;0.429305821
dod6;09100000000;Обласний бюджет Івано-Франківської області;101 005.0;;0.618195084;0.187724096
dod6;11100000000;Обласний бюджет Кіровоградської області;23 950.4;;0.063033364;0.210390887
dod6;12100000000;Обласний бюджет Луганської області;15 132.0;;0.622359717;0.717367415
dod6;13100000000;Обласний бюджет Львівської  області;15 859.0;;0.527868613;0.219361482
dod6;14100000000;Обласний бюджет Миколаївської області;34 823.3;;0.73667934;0.496195539
dod6;15100000000;Обласний бюджет Одеської області;13 012.0;;0.007419144;0.620837625
dod6;17100000000;Обласний бюджет Рівненської області;58 492.3;;0.67079809;0.747996146
dod6;18100000000;Обласний бюджет Сумської області;13 019.5;;0.208311206;0.894629216
dod6;19100000000;Обласний бюджет Тернопільської області;54 096.9;;0.132330856;0.419010882
dod6;21100000000;Обласний бюджет Херсонської області;61 244.4;;0.472491439;0.195733135
dod6;22100000000;Обласний бюджет Хмельницької області;45 044.5;;0.560529459;0.066395006
dod6;23100000000;Обласний бюджет Черкаської області;26 135.9;;0.842680486;0.291421256
dod6;24100000000;Обласний бюджет Чернівецької області;77 942.7;;0.692390138;0.273007259
dod6;25100000000;Обласний бюджет Чернігівської області;31 854.2;;0.127570279;0.570682374
;;;;;;
;;;;;;
;;;;;;
